Front	Back
What is IAM in AWS?	IAM (Identity and Access Management) allows you to manage access to AWS services and resources securely by creating users, groups, and permissions.
Why should you avoid using the root account?	The root account has full access to all resources. Using it regularly increases security risks. It should only be used for essential tasks.
What is an IAM user?	An IAM user is an entity you create in AWS to represent a person or service that interacts with AWS resources.
What is an IAM group?	An IAM group is a collection of users. Permissions can be assigned to the group, and all users in the group inherit those permissions.
What is an IAM policy?	An IAM policy is a document that defines permissions. It determines what actions are allowed or denied for users, groups, or roles.
What is an IAM role?	An IAM role is an identity you can assume to gain temporary access to AWS resources. It is used by services or external users.
What is the principle of least privilege?	The principle of least privilege means giving users only the permissions they need to perform their job and nothing more.
How do IAM users sign in to AWS?	IAM users use a special sign-in URL unique to the AWS account. This link is different from the root account login page.
What policy is commonly assigned to admin users?	The AdministratorAccess policy, which grants full access to all AWS services and resources.
What should be enabled for IAM users to enhance security?	Multi-Factor Authentication (MFA) should be enabled to add an extra layer of security to user accounts.
